{"count":1,"self":15.798119999999999,"total":33.663747,"children":{"InitializeActuators":{"count":1,"self":0.00084899999999999993,"total":0.00084899999999999993,"children":null},"InitializeSensors":{"count":1,"self":0.000647,"total":0.000647,"children":null},"AgentSendState":{"count":40486,"self":0.059664999999999996,"total":0.265131,"children":{"CollectObservations":{"count":8098,"self":0.105595,"total":0.105595,"children":null},"WriteActionMask":{"count":8098,"self":0.0047929999999999995,"total":0.0047929999999999995,"children":null},"RequestDecision":{"count":8098,"self":0.026163,"total":0.095078,"children":{"AgentInfo.ToProto":{"count":8098,"self":0.020940999999999998,"total":0.06891499999999999,"children":{"GenerateSensorData":{"count":8098,"self":0.047973999999999996,"total":0.047973999999999996,"children":null}}}}}}},"DecideAction":{"count":40486,"self":17.238328,"total":17.238328,"children":null},"AgentAct":{"count":40486,"self":0.359271,"total":0.359551,"children":{"AgentInfo.ToProto":{"count":40,"self":8.9E-05,"total":0.00028,"children":{"GenerateSensorData":{"count":40,"self":0.00019099999999999998,"total":0.00019099999999999998,"children":null}}}}},"AgentInfo.ToProto":{"count":102,"self":0.000288,"total":0.00084499999999999994,"children":{"GenerateSensorData":{"count":102,"self":0.000557,"total":0.000557,"children":null}}}},"gauges":{"My Behavior.CumulativeReward":{"count":142,"max":125.178787,"min":-1,"runningAverage":38.7988,"value":21.7849369,"weightedAverage":25.756815}},"metadata":{"timer_format_version":"0.1.0","start_time_seconds":"1686809311","unity_version":"2021.2.3f1","command_line_arguments":"\/Applications\/Unity\/Hub\/Editor\/2021.2.3f1\/Unity.app\/Contents\/MacOS\/Unity -projectpath \/Users\/mstoffel\/turing\/projects\/T-REG -useHub -hubIPC -cloudEnvironment production","communication_protocol_version":"1.5.0","com.unity.ml-agents_version":"2.3.0-exp.3","scene_name":"DinoScene","end_time_seconds":"1686809345"}}