{"count":1,"self":170.9940864,"total":411.530643,"children":{"InitializeActuators":{"count":1,"self":0.000816,"total":0.000816,"children":null},"InitializeSensors":{"count":1,"self":0.00069299999999999993,"total":0.00069299999999999993,"children":null},"AgentSendState":{"count":435509,"self":0.653957,"total":2.964622,"children":{"CollectObservations":{"count":87102,"self":1.183996,"total":1.183996,"children":null},"WriteActionMask":{"count":87102,"self":0.053517999999999996,"total":0.053517999999999996,"children":null},"RequestDecision":{"count":87102,"self":0.260917,"total":1.073151,"children":{"AgentInfo.ToProto":{"count":87102,"self":0.237451,"total":0.812234,"children":{"GenerateSensorData":{"count":87102,"self":0.57478299999999993,"total":0.57478299999999993,"children":null}}}}}}},"DecideAction":{"count":435509,"self":221.6999424,"total":221.699952,"children":null},"AgentAct":{"count":435509,"self":15.779086399999999,"total":15.861464,"children":{"AgentInfo.ToProto":{"count":9583,"self":0.022653,"total":0.082376999999999992,"children":{"GenerateSensorData":{"count":9583,"self":0.059724,"total":0.059724,"children":null}}}}},"AgentInfo.ToProto":{"count":973,"self":0.002964,"total":0.0087169999999999991,"children":{"GenerateSensorData":{"count":973,"self":0.0057529999999999994,"total":0.0057529999999999994,"children":null}}}},"gauges":{"My Behavior.CumulativeReward":{"count":10556,"max":1.75924778,"min":-2.04446316,"runningAverage":-1.80316317,"value":-2,"weightedAverage":-1.99999976}},"metadata":{"timer_format_version":"0.1.0","start_time_seconds":"1686808271","unity_version":"2021.2.3f1","command_line_arguments":"\/Applications\/Unity\/Hub\/Editor\/2021.2.3f1\/Unity.app\/Contents\/MacOS\/Unity -projectpath \/Users\/mstoffel\/turing\/projects\/T-REG -useHub -hubIPC -cloudEnvironment production","communication_protocol_version":"1.5.0","com.unity.ml-agents_version":"2.3.0-exp.3","scene_name":"DinoScene","end_time_seconds":"1686808683"}}