{
    "name": "root",
    "metadata": {
        "timer_format_version": "0.1.0",
        "start_time_seconds": "1655391081",
        "python_version": "3.7.11 (default, Sep 15 2021, 18:06:28) \n[Clang 12.0.5 (clang-1205.0.22.11)]",
        "command_line_arguments": "/Users/istenson/code/turing/trex/python_stuff/venv/bin/mlagents-learn --run-id=trmodel --force",
        "mlagents_version": "0.28.0",
        "mlagents_envs_version": "0.28.0",
        "communication_protocol_version": "1.5.0",
        "pytorch_version": "1.7.1",
        "numpy_version": "1.21.6",
        "end_time_seconds": "1655391177"
    },
    "total": 95.793163444,
    "count": 1,
    "self": 0.006705586999999014,
    "children": {
        "run_training.setup": {
            "total": 0.015797810000000023,
            "count": 1,
            "self": 0.015797810000000023
        },
        "TrainerController.start_learning": {
            "total": 95.770660047,
            "count": 1,
            "self": 0.07910351099985746,
            "children": {
                "TrainerController._reset_env": {
                    "total": 8.631503350000001,
                    "count": 1,
                    "self": 8.631503350000001
                },
                "TrainerController.advance": {
                    "total": 86.99795071300014,
                    "count": 3651,
                    "self": 0.07970747600018058,
                    "children": {
                        "env_step": {
                            "total": 86.56838310600011,
                            "count": 3651,
                            "self": 84.0517694070002,
                            "children": {
                                "SubprocessEnvManager._take_step": {
                                    "total": 2.473526366999998,
                                    "count": 3651,
                                    "self": 0.20899426599997462,
                                    "children": {
                                        "TorchPolicy.evaluate": {
                                            "total": 2.2645321010000234,
                                            "count": 3651,
                                            "self": 0.47738897000003533,
                                            "children": {
                                                "TorchPolicy.sample_actions": {
                                                    "total": 1.7871431309999881,
                                                    "count": 3651,
                                                    "self": 1.7871431309999881
                                                }
                                            }
                                        }
                                    }
                                },
                                "workers": {
                                    "total": 0.043087331999924317,
                                    "count": 3650,
                                    "self": 0.0,
                                    "children": {
                                        "worker_root": {
                                            "total": 35.55960838700005,
                                            "count": 3650,
                                            "is_parallel": true,
                                            "self": 14.752237588000114,
                                            "children": {
                                                "run_training.setup": {
                                                    "total": 0.0,
                                                    "count": 0,
                                                    "is_parallel": true,
                                                    "self": 0.0,
                                                    "children": {
                                                        "steps_from_proto": {
                                                            "total": 0.0008286129999994785,
                                                            "count": 1,
                                                            "is_parallel": true,
                                                            "self": 0.00027720299999955955,
                                                            "children": {
                                                                "_process_rank_one_or_two_observation": {
                                                                    "total": 0.0005514099999999189,
                                                                    "count": 2,
                                                                    "is_parallel": true,
                                                                    "self": 0.0005514099999999189
                                                                }
                                                            }
                                                        },
                                                        "UnityEnvironment.step": {
                                                            "total": 0.07853863800000127,
                                                            "count": 1,
                                                            "is_parallel": true,
                                                            "self": 0.00012284400000162066,
                                                            "children": {
                                                                "UnityEnvironment._generate_step_input": {
                                                                    "total": 0.00017055100000007428,
                                                                    "count": 1,
                                                                    "is_parallel": true,
                                                                    "self": 0.00017055100000007428
                                                                },
                                                                "communicator.exchange": {
                                                                    "total": 0.07785465999999985,
                                                                    "count": 1,
                                                                    "is_parallel": true,
                                                                    "self": 0.07785465999999985
                                                                },
                                                                "steps_from_proto": {
                                                                    "total": 0.00039058299999972235,
                                                                    "count": 1,
                                                                    "is_parallel": true,
                                                                    "self": 0.00021510600000063107,
                                                                    "children": {
                                                                        "_process_rank_one_or_two_observation": {
                                                                            "total": 0.00017547699999909128,
                                                                            "count": 2,
                                                                            "is_parallel": true,